{
  "produtos": [
    {
      "categoria": "Hardware",
      "tipo": "Processador",
      "nome": "Intel Core i7-10700K",
      "marca": "Intel",
      "preco": 350,
      "vendas": 105,
      "anuncios": 12
    },
    {
      "categoria": "Hardware",
      "tipo": "Memória RAM",
      "nome": "Corsair Vengeance LPX 16GB",
      "marca": "Corsair",
      "preco": 120,
      "vendas": 20,
      "anuncios": 12
    },
    {
      "categoria": "Periféricos",
      "tipo": "Mouse",
      "nome": "Logitech G502",
      "marca": "Logitech",
      "preco": 60,
      "vendas": 300,
      "anuncios": 65
    },
    {
      "categoria": "Periféricos",
      "tipo": "Monitor",
      "nome": "Dell Ultrasharp U2719D",
      "marca": "Dell",
      "preco": 400,
      "vendas": 87,
      "anuncios": 41
    },
    {
      "categoria": "Hardware",
      "tipo": "Placa de Vídeo",
      "nome": "NVIDIA GeForce RTX 3080",
      "marca": "NVIDIA",
      "preco": 799,
      "vendas": 40,
      "anuncios": 25
    },
    {
      "categoria": "Periféricos",
      "tipo": "Teclado",
      "nome": "Razer BlackWidow Elite",
      "marca": "Razer",
      "preco": 150,
      "vendas": 150,
      "anuncios": 30
    },
    {
      "categoria": "Hardware",
      "tipo": "SSD",
      "nome": "Samsung 970 EVO 1TB",
      "marca": "Samsung",
      "preco": 200,
      "vendas": 70,
      "anuncios": 18
    },
    {
      "categoria": "Periféricos",
      "tipo": "Headset",
      "nome": "HyperX Cloud II",
      "marca": "HyperX",
      "preco": 100,
      "vendas": 200,
      "anuncios": 45
    },
    {
      "categoria": "Hardware",
      "tipo": "Placa-mãe",
      "nome": "ASUS ROG Strix Z590-E Gaming",
      "marca": "ASUS",
      "preco": 350,
      "vendas": 30,
      "anuncios": 10
    },
    {
      "categoria": "Periféricos",
      "tipo": "Webcam",
      "nome": "Logitech C920 HD Pro",
      "marca": "Logitech",
      "preco": 80,
      "vendas": 100,
      "anuncios": 20
    }
  ],
  "clientes": [
    {
      "nome_completo": "João Silva",
      "email": "joao@example.com",
      "contato": "(11) 91234-5678",
      "cpf": "123.456.789-00",
      "data_nascimento": "1990-05-15"
    },
    {
      "nome_completo": "Maria Oliveira",
      "email": "maria@example.com",
      "contato": "(21) 98765-4321",
      "cpf": "987.654.321-00",
      "data_nascimento": "1985-10-20"
    },
    {
      "nome_completo": "Carlos Souza",
      "email": "carlos@example.com",
      "contato": "(31) 99876-5432",
      "cpf": "456.789.123-00",
      "data_nascimento": "1982-03-07"
    },
    {
      "nome_completo": "Ana Rodrigues",
      "email": "ana@example.com",
      "contato": "(11) 92345-6789",
      "cpf": "234.567.890-00",
      "data_nascimento": "1992-07-25"
    },
    {
      "nome_completo": "Luiz Fernandes",
      "email": "luiz@example.com",
      "contato": "(21) 97654-3210",
      "cpf": "876.543.210-00",
      "data_nascimento": "1988-02-14"
    },
    {
      "nome_completo": "Laura Pereira",
      "email": "laura@example.com",
      "contato": "(31) 98876-5432",
      "cpf": "345.678.901-00",
      "data_nascimento": "1995-09-03"
    },
    {
      "nome_completo": "Rafaela Santos",
      "email": "rafaela@example.com",
      "contato": "(11) 93456-7890",
      "cpf": "543.210.987-00",
      "data_nascimento": "1997-11-28"
    },
    {
      "nome_completo": "Pedro Almeida",
      "email": "pedro@example.com",
      "contato": "(21) 96543-2109",
      "cpf": "654.321.098-00",
      "data_nascimento": "1987-04-10"
    },
    {
      "nome_completo": "Fernanda Costa",
      "email": "fernanda@example.com",
      "contato": "(31) 98876-5432",
      "cpf": "789.012.345-00",
      "data_nascimento": "1983-08-17"
    },
    {
      "nome_completo": "Roberto Oliveira",
      "email": "roberto@example.com",
      "contato": "(11) 94567-8901",
      "cpf": "210.987.654-00",
      "data_nascimento": "1994-12-05"
    }
  ],
  "fornecedores": [
    {
      "nome": "Tech Distribuidora",
      "contato": "(11) 1234-5678",
      "endereco": "Rua das Tecnologias, 123",
      "produtos_fornecidos": [
        "Processadores",
        "Memórias RAM",
        "Placas de Vídeo"
      ]
    },
    {
      "nome": "Periféricos Express",
      "contato": "(21) 9876-5432",
      "endereco": "Avenida dos Periféricos, 456",
      "produtos_fornecidos": [
        "Mouses",
        "Teclados",
        "Headsets"
      ]
    },
    {
      "nome": "Componentes Rápidos",
      "contato": "(31) 2468-1357",
      "endereco": "Travessa das Placas-mãe, 789",
      "produtos_fornecidos": [
        "SSDs",
        "Coolers",
        "Fontes de Alimentação"
      ]
    },
    {
      "nome": "EletroParts",
      "contato": "(41) 3698-7412",
      "endereco": "Rua das Peças Eletrônicas, 101",
      "produtos_fornecidos": [
        "Monitores",
        "Webcams",
        "Caixas de Som"
      ]
    },
    {
      "nome": "GigaChip",
      "contato": "(51) 98765-4321",
      "endereco": "Avenida dos Chips, 555",
      "produtos_fornecidos": [
        "Placas-mãe",
        "Processadores",
        "Memórias RAM"
      ]
    }
  ],
  "parceiros": [
    {
      "nome": "Empresa de Tecnologia XYZ",
      "contato": "(11) 1234-5678",
      "cnpj": "12.345.678/0001-01",
      "endereco": "Rua das Inovações, 123"
    },
    {
      "nome": "Companhia de Logística ABC",
      "contato": "(22) 2345-6789",
      "cnpj": "23.456.789/0001-02",
      "endereco": "Avenida dos Transportes, 456"
    },
    {
      "nome": "Consultoria de Marketing EFG",
      "contato": "(33) 3456-7890",
      "cnpj": "34.567.890/0001-03",
      "endereco": "Travessa das Estratégias, 789"
    },
    {
      "nome": "Loja de Materiais de Construção LMN",
      "contato": "(44) 4567-8901",
      "cnpj": "45.678.901/0001-04",
      "endereco": "Rua dos Materiais, 1011"
    },
    {
      "nome": "Estúdio de Design OPQ",
      "contato": "(55) 5678-9012",
      "cnpj": "56.789.012/0001-05",
      "endereco": "Avenida da Criatividade, 1213"
    },
    {
      "nome": "Empresa de Telecomunicações RST",
      "contato": "(66) 6789-0123",
      "cnpj": "67.890.123/0001-06",
      "endereco": "Travessa da Conexão, 1415"
    },
    {
      "nome": "Laboratório de Pesquisa UVW",
      "contato": "(77) 7890-1234",
      "cnpj": "78.901.234/0001-07",
      "endereco": "Rua da Inovação, 1617"
    },
    {
      "nome": "Distribuidora de Alimentos XYZ",
      "contato": "(88) 8901-2345",
      "cnpj": "89.012.345/0001-08",
      "endereco": "Avenida dos Sabores, 1819"
    }
  ],
  "historico_compras": [
    {
      "cliente": "João Silva",
      "data_compra": "2024-05-20",
      "itens_comprados": "Monitor Dell Ultrasharp U2719D",
      "quantidade": 1,
      "total": 400
    },
    {
      "cliente": "Maria Oliveira",
      "data_compra": "2024-05-19",
      "itens_comprados": "Processador Intel Core i7-10700K",
      "quantidade": 2,
      "total": 1500
    },
    {
      "cliente": "Carlos Souza",
      "data_compra": "2024-05-18",
      "itens_comprados": "Monitor Dell Ultrasharp U2719D",
      "quantidade": 1,
      "total": 400
    },
    {
      "cliente": "Ana Rodrigues",
      "data_compra": "2024-05-17",
      "itens_comprados": "Mouse Logitech G502",
      "quantidade": 1,
      "total": 60
    },
    {
      "cliente": "Luiz Fernandes",
      "data_compra": "2024-05-16",
      "itens_comprados": "Memória RAM Corsair Vengeance LPX 16GB",
      "quantidade": 4,
      "total": 480
    },
    {
      "cliente": "Laura Pereira",
      "data_compra": "2024-05-15",
      "itens_comprados": "Monitor Dell Ultrasharp U2719D",
      "quantidade": 6,
      "total": 1500
    },
    {
      "cliente": "Rafaela Santos",
      "data_compra": "2024-05-14",
      "itens_comprados": "Teclado Logitech G Pro X",
      "quantidade": 1,
      "total": 150
    },
    {
      "cliente": "Pedro Almeida",
      "data_compra": "2024-05-13",
      "itens_comprados": "HD Seagate Barracuda 2TB",
      "quantidade": 2,
      "total": 200
    },
    {
      "cliente": "Fernanda Costa",
      "data_compra": "2024-05-12",
      "itens_comprados": "Monitor Dell Ultrasharp U2719D",
      "quantidade": 5,
      "total": 5000
    },
    {
      "cliente": "Roberto Oliveira",
      "data_compra": "2024-05-11",
      "itens_comprados": "Placa de Vídeo NVIDIA GeForce RTX 3080",
      "quantidade": 1,
      "total": 1200
    }
  ]
}