[
  {
    "nome": "Marta Silva",
    "idade": 23,
    "email": "martasilva@gmail.com"
  },
  {
    "nome": "Danyel Sena com Y",
    "idade": 18,
    "email": "danyelcomy@hotmail.com"
  },
  {
    "nome": "Danilo Silva",
    "idade": 25,
    "email": "danielreidelas@gmail.com"
  },
  {
    "nome": "Marta Silva",
    "idade": 16,
    "email": "martasilva@hotmail.com"
  },
  {
    "nome": "Silvana Dias",
    "idade": 16,
    "email": "silvana@gmail.com"
  },
  {
    "nome": "Ana Caroline",
    "idade": 20,
    "email": "aninha@outlook.com"
  },
  {
    "nome": "Fulana",
    "idade": 25,
    "email": "fulano@gmail.com"
  }
]